iter	Logloss
0	0.685744741

1	0.6785884478
