iter	Logloss
0	0.4088133192
1	0.388036921522	0.333608238333	0.408657245644	0.390913266555	0.3434120466	6	0.4102354877	7	0.391900408	08	0.352637749	09	0.399280771010	0.3698860841111	0.2972276791212	0.3998531901313	0.3762601611414	0.311336769115	0.4011533037116	0.377318717	117	0.320159918	118	0.384030619	119	0.3363716202220	0.2339760212221	0.3866995222222	0.34807823	2223	0.253224	0.224	0.3877325	0.225	0.3526326	0.226	0.2612327	0.227	0.3912328	0.228	0.3546129	0.229	0.243730	0.3330	0.394031	0.3331	0.359932	0.2332	0.266033	0.3333	0.393834	0.3334	0.365435	0.2335	0.279736	0.3336	0.376537	0.3337	0.312238	0.138	0.1766239	0.339	0.3803840	0.340	0.3281841	0.441	0.2061542	04442	0.3824243	04443	0.3333644	04444	0.2260645	04545	0.3459746	04646	0.2406647	04747	0.09006248	04848	0.3539049	0449	0.26766450	5050	0.12328151	5151	0.35735252	5252	0.27881753	5353	0.1462078574
